District,Production(Tonnes),Mean Price(Rs./Quintal)
Bangalore_2001_12_December,807,415
Mysore (Bandipalya)_2001_12_December,30,346
Bangalore_2002_1_January,115,465
Davangere_2002_1_January,83,359
Mysore (Bandipalya)_2002_1_January,77,340
Arasikere_2002_8_August,2692,405
Bangalore_2002_8_August,2497,521
Bangarpet_2002_8_August,29,400
Belur_2002_8_August,74,432
Bhadravathi_2002_8_August,9,462
Chamaraj Nagar_2002_8_August,6,398
Channapatana_2002_8_August,49,395
Channarayapatna_2002_8_August,111,395
Chikkamagalore_2002_8_August,16,300
Chintamani_2002_8_August,130,404
Davangere_2002_8_August,200,436
Doddaballa Pur_2002_8_August,3,475
Gowribidanoor_2002_8_August,2,450
Gubbi_2002_8_August,25,432
Hanagal_2002_8_August,10,405
Harappana Halli_2002_8_August,748,452
Harihara_2002_8_August,411,400
Hassan_2002_8_August,562,409
Hirekerur_2002_8_August,30,350
Hiriyur_2002_8_August,10,410
Holenarsipura_2002_8_August,37,373
Honnali_2002_8_August,20,425
Hosadurga_2002_8_August,642,423
Huliyar_2002_8_August,304,423
K.R. Pet_2002_8_August,6,396
Kadur_2002_8_August,540,401
Kolar_2002_8_August,118,453
Kollegal_2002_8_August,10,400
Kunigal_2002_8_August,17,350
Madhugiri_2002_8_August,10,375
Malur_2002_8_August,14,406
Mandya_2002_8_August,30,510
Mysore (Bandipalya)_2002_8_August,88,464
Nagamangala_2002_8_August,220,458
Piriya Pattana_2002_8_August,10,350
Ranebennur_2002_8_August,75,449
Shikaripura_2002_8_August,10,483
Shimoga_2002_8_August,61,469
Sira_2002_8_August,24,450
Srinivasapur_2002_8_August,15,475
Tarikere_2002_8_August,48,408
Tumkur_2002_8_August,135,392
Arasikere_2003_1_January,915,484
Bangalore_2003_1_January,1263,598
Bangarpet_2003_1_January,30,425
Belur_2003_1_January,69,480
Bhadravathi_2003_1_January,6,430
Chamaraj Nagar_2003_1_January,2,400
Channarayapatna_2003_1_January,85,397
Chikkamagalore_2003_1_January,52,377
Chintamani_2003_1_January,40,503
Davangere_2003_1_January,214,454
Doddaballa Pur_2003_1_January,73,528
Gubbi_2003_1_January,1,450
Gundlupet_2003_1_January,3,400
Harappana Halli_2003_1_January,719,476
Harihara_2003_1_January,32,432
Hassan_2003_1_January,757,487
Holenarsipura_2003_1_January,42,495
Honnali_2003_1_January,16,428
Hosadurga_2003_1_January,69,450
Huliyar_2003_1_January,54,477
K.R. Pet_2003_1_January,30,405
K.R.Nagar_2003_1_January,90,410
Kadur_2003_1_January,151,470
Kolar_2003_1_January,17,517
Madhugiri_2003_1_January,6,400
Malur_2003_1_January,1,500
Mysore (Bandipalya)_2003_1_January,67,505
Nagamangala_2003_1_January,146,454
Pavagada_2003_1_January,5,500
Ramanagara_2003_1_January,20,717
Ranebennur_2003_1_January,78,557
Santhesargur_2003_1_January,16,450
Shimoga_2003_1_January,18,470
Sira_2003_1_January,34,475
Srinivasapur_2003_1_January,4,550
Tarikere_2003_1_January,99,415
Tumkur_2003_1_January,96,465
Arasikere_2003_8_August,941,535
Bangalore_2003_8_August,883,718
Bangarpet_2003_8_August,14,500
Belur_2003_8_August,93,563
Bhadravathi_2003_8_August,26,512
Chamaraj Nagar_2003_8_August,12,480
Channapatana_2003_8_August,2,550
Channarayapatna_2003_8_August,103,502
Chikkamagalore_2003_8_August,5,564
Chintamani_2003_8_August,42,366
Davangere_2003_8_August,26,596
Doddaballa Pur_2003_8_August,29,700
Gubbi_2003_8_August,3,555
Harappana Halli_2003_8_August,60,471
Harihara_2003_8_August,10,500
Hassan_2003_8_August,475,589
Hiriyur_2003_8_August,3,600
Holenarsipura_2003_8_August,103,572
Honnali_2003_8_August,10,545
Huliyar_2003_8_August,4,550
K.R. Pet_2003_8_August,6,500
K.R.Nagar_2003_8_August,9,550
Kadur_2003_8_August,125,542
Kanakapura_2003_8_August,6,440
Kolar_2003_8_August,21,600
Kunigal_2003_8_August,32,527
Madhugiri_2003_8_August,8,500
Mysore (Bandipalya)_2003_8_August,122,587
Nagamangala_2003_8_August,106,627
Piriya Pattana_2003_8_August,112,495
Ranebennur_2003_8_August,1,470
Santhesargur_2003_8_August,14,500
Shimoga_2003_8_August,14,604
Sira_2003_8_August,37,554
Tarikere_2003_8_August,31,460
Tumkur_2003_8_August,202,543
Arasikere_2004_1_January,507,513
Bangalore_2004_1_January,1045,700
Bangarpet_2004_1_January,12,475
Belur_2004_1_January,10,520
Bhadravathi_2004_1_January,4,525
Chamaraj Nagar_2004_1_January,11,542
Channapatana_2004_1_January,5,600
Channarayapatna_2004_1_January,56,515
Chintamani_2004_1_January,50,429
Davangere_2004_1_January,169,521
Doddaballa Pur_2004_1_January,60,618
Gubbi_2004_1_January,3,560
Harappana Halli_2004_1_January,396,465
Hassan_2004_1_January,252,514
Holenarsipura_2004_1_January,42,580
Hosadurga_2004_1_January,163,532
Hubli (Amaragol)_2004_1_January,1,425
K.R. Pet_2004_1_January,4,530
Kadur_2004_1_January,55,502
Kolar_2004_1_January,16,633
Madhugiri_2004_1_January,2,500
Malur_2004_1_January,9,400
Mysore (Bandipalya)_2004_1_January,610,543
Nagamangala_2004_1_January,87,592
Ranebennur_2004_1_January,54,677
Shimoga_2004_1_January,17,710
Sira_2004_1_January,23,550
Tarikere_2004_1_January,34,462
Tumkur_2004_1_January,163,500
Arasikere_2004_8_August,430,468
Bangalore_2004_8_August,902,595
Bhadravathi_2004_8_August,22,519
Channarayapatna_2004_8_August,100,479
Davangere_2004_8_August,91,493
Doddaballa Pur_2004_8_August,30,540
Gubbi_2004_8_August,10,495
H.B. Halli_2004_8_August,5,440
Harappana Halli_2004_8_August,533,466
Harihara_2004_8_August,385,480
Hassan_2004_8_August,248,450
Holenarsipura_2004_8_August,356,443
Honnali_2004_8_August,7,445
Hosadurga_2004_8_August,74,479
K.R. Pet_2004_8_August,8,425
Kadur_2004_8_August,75,501
Kolar_2004_8_August,59,553
Mysore (Bandipalya)_2004_8_August,110,475
Nagamangala_2004_8_August,64,488
Ranebennur_2004_8_August,17,450
Shimoga_2004_8_August,106,600
Sira_2004_8_August,9,572
Srinivasapur_2004_8_August,1,550
Tarikere_2004_8_August,54,425
Tumkur_2004_8_August,76,529
Arasikere_2005_1_January,527,409
Bangalore_2005_1_January,927,524
Belur_2005_1_January,15,425
Bhadravathi_2005_1_January,2,475
Channarayapatna_2005_1_January,140,411
Chikkamagalore_2005_1_January,5,360
Chintamani_2005_1_January,60,402
Davangere_2005_1_January,178,483
Doddaballa Pur_2005_1_January,6,508
Gubbi_2005_1_January,110,469
Gundlupet_2005_1_January,4,500
H.B. Halli_2005_1_January,1,350
Harappana Halli_2005_1_January,370,431
Hassan_2005_1_January,625,401
Holenarsipura_2005_1_January,217,424
Hosadurga_2005_1_January,127,420
Huliyar_2005_1_January,9,410
K.R. Pet_2005_1_January,19,396
Kadur_2005_1_January,213,411
Kolar_2005_1_January,67,489
Kollegal_2005_1_January,11,535
Kunigal_2005_1_January,17,430
Malur_2005_1_January,3,560
Mysore (Bandipalya)_2005_1_January,50,429
Nagamangala_2005_1_January,262,475
Piriya Pattana_2005_1_January,3,480
Ranebennur_2005_1_January,36,535
Sira_2005_1_January,5,502
Srinivasapur_2005_1_January,1,550
Tarikere_2005_1_January,35,400
Tumkur_2005_1_January,129,508
Arasikere_2005_8_August,863,410
Bangalore_2005_8_August,855,600
Bangarpet_2005_8_August,132,1200
Belur_2005_8_August,89,410
Bhadravathi_2005_8_August,4,456
Channapatana_2005_8_August,10,500
Channarayapatna_2005_8_August,258,409
Chikkamagalore_2005_8_August,5,350
Davangere_2005_8_August,75,469
Doddaballa Pur_2005_8_August,17,508
Gubbi_2005_8_August,351,391
Gundlupet_2005_8_August,3,500
Harappana Halli_2005_8_August,448,422
Harihara_2005_8_August,707,460
Hassan_2005_8_August,823,405
Holenarsipura_2005_8_August,381,359
Honnali_2005_8_August,84,412
Hoovinahadagali_2005_8_August,2,450
Hosadurga_2005_8_August,222,401
Hospet_2005_8_August,12,457
Huliyar_2005_8_August,762,407
K.R.Nagar_2005_8_August,96,434
Kadur_2005_8_August,359,410
Kottur_2005_8_August,11,420
Kunigal_2005_8_August,402,427
Mysore (Bandipalya)_2005_8_August,135,413
Nagamangala_2005_8_August,341,458
Piriya Pattana_2005_8_August,110,466
Ranebennur_2005_8_August,21,467
Shikaripura_2005_8_August,33,400
Shimoga_2005_8_August,229,492
Sira_2005_8_August,22,492
Tarikere_2005_8_August,294,429
Tumkur_2005_8_August,107,504
Arasikere_2006_1_January,136,405
Bangalore_2006_1_January,730,560
Belur_2006_1_January,194,402
Bhadravathi_2006_1_January,2,450
Chamaraj Nagar_2006_1_January,10,460
Channapatana_2006_1_January,1,400
Channarayapatna_2006_1_January,168,401
Chikkamagalore_2006_1_January,11,400
Chintamani_2006_1_January,161,402
Davangere_2006_1_January,197,473
Doddaballa Pur_2006_1_January,21,520
Gowribidanoor_2006_1_January,25,575
Gubbi_2006_1_January,419,394
Gundlupet_2006_1_January,2,450
Harappana Halli_2006_1_January,58,407
Hassan_2006_1_January,332,409
Haveri_2006_1_January,4,450
Honnali_2006_1_January,10,400
Hosadurga_2006_1_January,71,402
Huliyar_2006_1_January,89,386
K.R. Pet_2006_1_January,139,408
Kadur_2006_1_January,17,428
Kollegal_2006_1_January,26,483
Kottur_2006_1_January,3,402
Kunigal_2006_1_January,681,435
Mysore (Bandipalya)_2006_1_January,66,412
Nagamangala_2006_1_January,568,475
Pavagada_2006_1_January,2,500
Piriya Pattana_2006_1_January,109,402
Ranebennur_2006_1_January,2,520
Santhesargur_2006_1_January,10,400
Shimoga_2006_1_January,1,530
Sira_2006_1_January,38,500
T. Narasipura_2006_1_January,5,540
Tarikere_2006_1_January,61,403
Tumkur_2006_1_January,271,453
Arasikere_2006_8_August,12,450
Bangalore_2006_8_August,1350,657
Belur_2006_8_August,133,461
Chamaraj Nagar_2006_8_August,15,475
Channarayapatna_2006_8_August,42,420
Chintamani_2006_8_August,142,441
Davangere_2006_8_August,45,479
Doddaballa Pur_2006_8_August,8,525
Gowribidanoor_2006_8_August,8,425
Gubbi_2006_8_August,42,418
Gundlupet_2006_8_August,9,575
H.B. Halli_2006_8_August,9,400
Hassan_2006_8_August,619,464
Haveri_2006_8_August,17,525
Holenarsipura_2006_8_August,510,391
Honnali_2006_8_August,116,420
Huliyar_2006_8_August,90,426
K.R. Pet_2006_8_August,6,400
K.R.Nagar_2006_8_August,76,486
Kanakapura_2006_8_August,9,350
Kollegal_2006_8_August,12,510
Madhugiri_2006_8_August,11,448
Mysore (Bandipalya)_2006_8_August,205,484
Nagamangala_2006_8_August,237,477
Piriya Pattana_2006_8_August,114,446
Ranebennur_2006_8_August,105,515
Shimoga_2006_8_August,142,542
Sira_2006_8_August,18,525
Srirangapattana_2006_8_August,8,600
Tarikere_2006_8_August,213,456
Tumkur_2006_8_August,400,520
Arasikere_2007_1_January,217,627
Bangalore_2007_1_January,471,950
Belur_2007_1_January,28,500
Chickkaballapura_2007_1_January,8,450
Chikkamagalore_2007_1_January,7,600
Chintamani_2007_1_January,34,638
Davangere_2007_1_January,17,569
Gowribidanoor_2007_1_January,11,625
Gubbi_2007_1_January,1,500
Gundlupet_2007_1_January,1,500
H.B. Halli_2007_1_January,5,500
Harihara_2007_1_January,8,550
Hassan_2007_1_January,350,621
Holenarsipura_2007_1_January,244,546
Huliyar_2007_1_January,40,591
K.R. Pet_2007_1_January,5,600
Kottur_2007_1_January,8,582
Mysore (Bandipalya)_2007_1_January,47,655
Nagamangala_2007_1_January,328,623
Piriya Pattana_2007_1_January,62,561
Ramanagara_2007_1_January,5,750
Santhesargur_2007_1_January,10,350
Shimoga_2007_1_January,6,600
Sira_2007_1_January,16,611
Tarikere_2007_1_January,20,517
Tumkur_2007_1_January,72,653
Arasikere_2007_8_August,638,654
Bangalore_2007_8_August,836,920
Bangarpet_2007_8_August,85,1550
Bhadravathi_2007_8_August,22,608
Channagiri_2007_8_August,78,578
Chickkaballapura_2007_8_August,1,650
Chikkamagalore_2007_8_August,20,613
Chintamani_2007_8_August,123,650
Davangere_2007_8_August,20,711
Doddaballa Pur_2007_8_August,9,600
Gubbi_2007_8_August,26,628
Harappana Halli_2007_8_August,10,650
Hassan_2007_8_August,398,700
Hirekerur_2007_8_August,10,400
Holenarsipura_2007_8_August,257,630
Honnali_2007_8_August,13,400
Hosadurga_2007_8_August,105,641
Huliyar_2007_8_August,81,637
Hunsur_2007_8_August,6,752
K.R. Pet_2007_8_August,3,625
K.R.Nagar_2007_8_August,15,550
Kadur_2007_8_August,75,609
Kollegal_2007_8_August,5,700
Madhugiri_2007_8_August,7,683
Mysore (Bandipalya)_2007_8_August,71,674
Nagamangala_2007_8_August,226,721
Piriya Pattana_2007_8_August,82,638
Ranebennur_2007_8_August,10,750
Sira_2007_8_August,12,718
Tarikere_2007_8_August,161,606
Tumkur_2007_8_August,148,730
Arasikere_2008_1_January,626,601
Bangalore_2008_1_January,576,900
Bangarpet_2008_1_January,158,1533
Belur_2008_1_January,6,510
Bhadravathi_2008_1_January,1,650
Channarayapatna_2008_1_January,59,558
Chickkaballapura_2008_1_January,4,600
Chikkamagalore_2008_1_January,10,550
Chintamani_2008_1_January,161,755
Davangere_2008_1_January,34,669
Doddaballa Pur_2008_1_January,10,600
Gowribidanoor_2008_1_January,3,660
Gubbi_2008_1_January,39,483
Harappana Halli_2008_1_January,36,535
Hassan_2008_1_January,437,625
Holenarsipura_2008_1_January,321,550
Hosadurga_2008_1_January,81,605
K.R. Pet_2008_1_January,4,600
K.R.Nagar_2008_1_January,6,316
Kadur_2008_1_January,66,598
Kollegal_2008_1_January,18,677
Koppa_2008_1_January,5,700
Kunigal_2008_1_January,17,611
Mysore (Bandipalya)_2008_1_January,213,613
Nagamangala_2008_1_January,528,704
Piriya Pattana_2008_1_January,162,595
Ramanagara_2008_1_January,4,480
Shimoga_2008_1_January,13,625
Sira_2008_1_January,33,618
Srirangapattana_2008_1_January,14,550
Tarikere_2008_1_January,29,623
Tumkur_2008_1_January,285,632
Arasikere_2008_8_August,990,725
Bangalore_2008_8_August,812,931
Belur_2008_8_August,30,688
Chamaraj Nagar_2008_8_August,20,700
Channarayapatna_2008_8_August,77,652
Chikkamagalore_2008_8_August,8,686
Chintamani_2008_8_August,74,708
Davangere_2008_8_August,17,780
Gowribidanoor_2008_8_August,4,800
Gubbi_2008_8_August,111,661
Harappana Halli_2008_8_August,155,721
Hassan_2008_8_August,1147,762
Hirekerur_2008_8_August,11,500
Holenarsipura_2008_8_August,616,642
Honnali_2008_8_August,16,750
Hosadurga_2008_8_August,178,701
Huliyar_2008_8_August,322,795
Hunsur_2008_8_August,10,820
Jagalur_2008_8_August,16,750
K.R. Pet_2008_8_August,97,713
Kadur_2008_8_August,15,790
Kollegal_2008_8_August,6,800
Koppa_2008_8_August,2,625
Kottur_2008_8_August,5,757
Kunigal_2008_8_August,214,750
Madhugiri_2008_8_August,1,800
Malur_2008_8_August,8,850
Mysore (Bandipalya)_2008_8_August,370,756
Nagamangala_2008_8_August,710,762
Piriya Pattana_2008_8_August,32,730
Ranebennur_2008_8_August,10,901
Shimoga_2008_8_August,41,875
Sira_2008_8_August,3,783
Srinivasapur_2008_8_August,1,700
Srirangapattana_2008_8_August,13,820
Tarikere_2008_8_August,64,606
Tumkur_2008_8_August,77,750
Arasikere_2009_1_January,351,773
Bangalore_2009_1_January,190,964
Belur_2009_1_January,30,787
Channagiri_2009_1_January,17,700
Channarayapatna_2009_1_January,36,721
Chikkamagalore_2009_1_January,7,754
Chintamani_2009_1_January,22,775
Davangere_2009_1_January,16,780
Doddaballa Pur_2009_1_January,12,900
Gubbi_2009_1_January,30,868
Harappana Halli_2009_1_January,25,775
Hassan_2009_1_January,135,812
Holenarsipura_2009_1_January,492,656
Hosadurga_2009_1_January,4,720
K.R. Pet_2009_1_January,5,938
K.R.Nagar_2009_1_January,12,800
Kadur_2009_1_January,45,684
Kollegal_2009_1_January,658,940
Madhugiri_2009_1_January,3,883
Mysore (Bandipalya)_2009_1_January,80,831
Nagamangala_2009_1_January,370,900
Piriya Pattana_2009_1_January,18,803
Ranebennur_2009_1_January,22,972
Sira_2009_1_January,14,892
Tarikere_2009_1_January,53,651
Tumkur_2009_1_January,32,888
Arasikere_2009_8_August,327,854
Bangalore_2009_8_August,587,1124
Belur_2009_8_August,8,750
Channarayapatna_2009_8_August,8,800
Davangere_2009_8_August,2,802
Gubbi_2009_8_August,17,888
Holenarsipura_2009_8_August,167,750
Honnali_2009_8_August,7,600
Huliyar_2009_8_August,51,808
Jagalur_2009_8_August,16,900
Kadur_2009_8_August,160,820
Kottur_2009_8_August,1,830
Mysore (Bandipalya)_2009_8_August,168,869
Nagamangala_2009_8_August,307,912
Sira_2009_8_August,5,937
Tarikere_2009_8_August,5,800
Tumkur_2009_8_August,8,900
Arasikere_2010_1_January,561,845
Bangalore_2010_1_January,676,1220
Bhadravathi_2010_1_January,5,775
Channapatana_2010_1_January,6,915
Channarayapatna_2010_1_January,38,824
Chickkaballapura_2010_1_January,43,920
Chikkamagalore_2010_1_January,25,925
Chintamani_2010_1_January,107,957
Davangere_2010_1_January,26,1150
Doddaballa Pur_2010_1_January,14,928
Gonikappal_2010_1_January,10,1200
Gubbi_2010_1_January,51,848
Harappana Halli_2010_1_January,16,757
Hassan_2010_1_January,254,898
Holenarsipura_2010_1_January,246,923
Hosadurga_2010_1_January,107,896
Huliyar_2010_1_January,149,822
K.R. Pet_2010_1_January,8,1000
K.R.Nagar_2010_1_January,14,882
Kadur_2010_1_January,365,1003
Madhugiri_2010_1_January,7,1160
Malur_2010_1_January,1,1200
Mysore (Bandipalya)_2010_1_January,161,891
Nagamangala_2010_1_January,554,992
Piriya Pattana_2010_1_January,85,854
Ramanagara_2010_1_January,10,1020
Shimoga_2010_1_January,4,1100
Sira_2010_1_January,13,965
Tarikere_2010_1_January,39,778
Tumkur_2010_1_January,57,866
Arasikere_2010_8_August,852,860
Bangalore_2010_8_August,984,1312
Belur_2010_8_August,62,893
Bhadravathi_2010_8_August,3,983
Chamaraj Nagar_2010_8_August,5,900
Channarayapatna_2010_8_August,86,824
Chikkamagalore_2010_8_August,27,912
Chintamani_2010_8_August,57,922
Davangere_2010_8_August,3,850
Doddaballa Pur_2010_8_August,3,950
Gonikappal_2010_8_August,20,1200
Gubbi_2010_8_August,69,858
Hanagal_2010_8_August,2,760
Harappana Halli_2010_8_August,106,791
Hassan_2010_8_August,405,933
Holenarsipura_2010_8_August,176,879
Honnali_2010_8_August,6,775
Hosadurga_2010_8_August,215,819
Huliyar_2010_8_August,34,827
K.R.Nagar_2010_8_August,12,840
Kadur_2010_8_August,491,888
Kottur_2010_8_August,7,812
Madhugiri_2010_8_August,6,962
Moodigere_2010_8_August,6,900
Mulabagilu_2010_8_August,1,1000
Mysore (Bandipalya)_2010_8_August,208,864
Nagamangala_2010_8_August,443,952
Piriya Pattana_2010_8_August,69,851
Ramanagara_2010_8_August,1,1000
Shimoga_2010_8_August,132,987
Sira_2010_8_August,16,998
Sirsi_2010_8_August,6,12711
Tarikere_2010_8_August,81,829
Tumkur_2010_8_August,130,956
Arasikere_2011_1_January,1091,789
Bangalore_2011_1_January,797,1192
Belur_2011_1_January,37,860
Bhadravathi_2011_1_January,16,1043
Channarayapatna_2011_1_January,7,826
Chikkamagalore_2011_1_January,2,920
Chintamani_2011_1_January,197,938
Hassan_2011_1_January,322,773
Holenarsipura_2011_1_January,724,830
Hosadurga_2011_1_January,16,800
Huliyar_2011_1_January,34,750
Kadur_2011_1_January,501,831
Kanakapura_2011_1_January,4,1008
Kolar_2011_1_January,60,1085
Koppa_2011_1_January,1,1000
Kottur_2011_1_January,5,705
Madhugiri_2011_1_January,8,1000
Mysore (Bandipalya)_2011_1_January,98,812
Nagamangala_2011_1_January,842,893
Piriya Pattana_2011_1_January,229,850
Sakaleshpura_2011_1_January,3,800
Sira_2011_1_January,7,992
Tarikere_2011_1_January,34,845
Tumkur_2011_1_January,430,962
Arasikere_2011_8_August,924,839
Bangalore_2011_8_August,844,1094
Belur_2011_8_August,41,800
Bhadravathi_2011_8_August,19,950
Chamaraj Nagar_2011_8_August,18,975
Channagiri_2011_8_August,17,917
Channarayapatna_2011_8_August,115,816
Chickkaballapura_2011_8_August,4,1000
Chikkamagalore_2011_8_August,2,1000
Chintamani_2011_8_August,147,918
Doddaballa Pur_2011_8_August,35,932
Gubbi_2011_8_August,130,946
Harappana Halli_2011_8_August,622,827
Hassan_2011_8_August,393,841
Holenarsipura_2011_8_August,305,847
Hosadurga_2011_8_August,184,867
Huliyar_2011_8_August,190,832
Hunsur_2011_8_August,9,800
K.R.Nagar_2011_8_August,2,800
Kadur_2011_8_August,765,838
Kanakapura_2011_8_August,18,922
Kollegal_2011_8_August,56,927
Kunigal_2011_8_August,30,818
Madhugiri_2011_8_August,5,991
Mysore (Bandipalya)_2011_8_August,209,846
Nagamangala_2011_8_August,576,903
Pandavapura_2011_8_August,5,960
Piriya Pattana_2011_8_August,149,908
Ramanagara_2011_8_August,157,783
Shimoga_2011_8_August,91,1090
Sira_2011_8_August,6,1000
Tarikere_2011_8_August,74,825
Tumkur_2011_8_August,649,1054
Arasikere_2012_1_January,1077,854
Bangalore_2012_1_January,934,1123
Belur_2012_1_January,8,800
Bhadravathi_2012_1_January,1,1000
Chamaraj Nagar_2012_1_January,1,1000
Channarayapatna_2012_1_January,75,899
Chikkamagalore_2012_1_January,18,904
Chintamani_2012_1_January,97,912
Doddaballa Pur_2012_1_January,17,830
Gubbi_2012_1_January,66,917
Harappana Halli_2012_1_January,43,930
Hassan_2012_1_January,386,845
Holenarsipura_2012_1_January,78,991
Hosadurga_2012_1_January,163,880
Huliyar_2012_1_January,670,863
Hunsur_2012_1_January,67,879
K.R.Nagar_2012_1_January,3,800
Kadur_2012_1_January,751,883
Kolar_2012_1_January,20,1000
Kollegal_2012_1_January,20,965
Kottur_2012_1_January,1,861
Kunigal_2012_1_January,156,922
Madhugiri_2012_1_January,5,1050
Mysore (Bandipalya)_2012_1_January,79,881
Nagamangala_2012_1_January,801,951
Piriya Pattana_2012_1_January,223,869
Ramanagara_2012_1_January,2,1155
Shimoga_2012_1_January,1,1175
Sira_2012_1_January,11,1014
Tarikere_2012_1_January,53,933
Tumkur_2012_1_January,1061,1068
Arasikere_2012_8_August,375,1268
Bangalore_2012_8_August,817,1417
Belur_2012_8_August,29,933
Bhadravathi_2012_8_August,8,900
Channarayapatna_2012_8_August,21,1124
Chikkamagalore_2012_8_August,10,1208
Chintamani_2012_8_August,158,1192
Gowribidanoor_2012_8_August,30,1083
Gubbi_2012_8_August,36,1340
Harappana Halli_2012_8_August,113,1160
Hassan_2012_8_August,198,1203
Haveri_2012_8_August,2,904
Holalkere_2012_8_August,8,1000
Holenarsipura_2012_8_August,43,1050
Hosadurga_2012_8_August,121,1241
Huliyar_2012_8_August,7,1300
Hunsur_2012_8_August,12,1100
K.R. Pet_2012_8_August,10,1100
Kadur_2012_8_August,164,1281
Kanakapura_2012_8_August,3,1125
Kolar_2012_8_August,52,1200
Kunigal_2012_8_August,34,1075
Madhugiri_2012_8_August,10,1183
Mysore (Bandipalya)_2012_8_August,86,1252
Nagamangala_2012_8_August,532,1267
Piriya Pattana_2012_8_August,34,933
Ramanagara_2012_8_August,13,1188
Shimoga_2012_8_August,7,1438
Sira_2012_8_August,7,1099
Tarikere_2012_8_August,97,1125
Thirthahalli_2012_8_August,4,850
Tumkur_2012_8_August,13,1133
Arasikere_2013_1_January,300,1857
Bangalore_2013_1_January,658,2074
Belur_2013_1_January,73,2087
Bhadravathi_2013_1_January,10,1190
Chamaraj Nagar_2013_1_January,1,2000
Channarayapatna_2013_1_January,11,1900
Chickkaballapura_2013_1_January,3,1500
Chikkamagalore_2013_1_January,33,1800
Chintamani_2013_1_January,232,1400
Doddaballa Pur_2013_1_January,14,1550
Gubbi_2013_1_January,38,1892
Gundlupet_2013_1_January,6,1428
H.B. Halli_2013_1_January,7,1700
Harappana Halli_2013_1_January,74,1388
Hassan_2013_1_January,112,1653
Holenarsipura_2013_1_January,25,1680
Hosadurga_2013_1_January,39,1733
Hunsur_2013_1_January,23,1400
Kadur_2013_1_January,202,1623
Kanakapura_2013_1_January,4,2000
Kollegal_2013_1_January,7,1667
Koppa_2013_1_January,5,1900
Kunigal_2013_1_January,115,1500
Madhugiri_2013_1_January,1,1550
Moodigere_2013_1_January,6,1300
Mulabagilu_2013_1_January,12,1000
Mysore (Bandipalya)_2013_1_January,52,1913
Nagamangala_2013_1_January,438,1901
Piriya Pattana_2013_1_January,47,1383
Shimoga_2013_1_January,46,2195
Tarikere_2013_1_January,50,1412
Tumkur_2013_1_January,25,1522
Arasikere_2013_8_August,205,1702
Bangalore_2013_8_August,247,2351
Belur_2013_8_August,29,1400
Chamaraj Nagar_2013_8_August,3,1500
Channarayapatna_2013_8_August,9,1667
Chintamani_2013_8_August,49,1760
Doddaballa Pur_2013_8_August,13,1550
Gubbi_2013_8_August,16,1717
Harappana Halli_2013_8_August,162,1565
Hassan_2013_8_August,50,1920
Hosadurga_2013_8_August,69,1576
Huliyar_2013_8_August,10,1400
Hunsur_2013_8_August,30,1633
Kadur_2013_8_August,41,1590
Kollegal_2013_8_August,2,1850
Kottur_2013_8_August,1,1818
Mysore (Bandipalya)_2013_8_August,65,1758
Nagamangala_2013_8_August,557,1625
Piriya Pattana_2013_8_August,9,1500
Shimoga_2013_8_August,30,2025
Tarikere_2013_8_August,5,1617
Tumkur_2013_8_August,2,2100
Arasikere_2014_1_January,550,1426
Bangalore_2014_1_January,495,1886
Channarayapatna_2014_1_January,15,1450
Chikkamagalore_2014_1_January,9,1600
Chintamani_2014_1_January,162,1558
Davangere_2014_1_January,7,1950
Gubbi_2014_1_January,26,1457
Gundlupet_2014_1_January,7,1550
Harappana Halli_2014_1_January,19,1328
Hassan_2014_1_January,163,1482
Holenarsipura_2014_1_January,74,1451
Hosadurga_2014_1_January,16,1600
Huliyar_2014_1_January,21,1338
Hunsur_2014_1_January,56,1456
Kadur_2014_1_January,233,1555
Kanakapura_2014_1_January,26,1795
Kolar_2014_1_January,3,1500
Kollegal_2014_1_January,7,1600
Kottur_2014_1_January,1,1219
Kunigal_2014_1_January,23,1500
Mysore (Bandipalya)_2014_1_January,57,1477
Nagamangala_2014_1_January,859,1644
Piriya Pattana_2014_1_January,387,1420
Shimoga_2014_1_January,45,1650
Tarikere_2014_1_January,15,1525
Tumkur_2014_1_January,154,1560
Arasikere_2014_8_August,538,1476
Bangalore_2014_8_August,567,2211
Bangarpet_2014_8_August,15,1500
Bhadravathi_2014_8_August,26,1400
Chamaraj Nagar_2014_8_August,13,1300
Chikkamagalore_2014_8_August,2,1600
Chintamani_2014_8_August,31,1633
Doddaballa Pur_2014_8_August,6,1500
Gubbi_2014_8_August,68,1616
Gundlupet_2014_8_August,11,1916
Harappana Halli_2014_8_August,186,1448
Hassan_2014_8_August,226,1460
Holenarsipura_2014_8_August,353,1496
Hosadurga_2014_8_August,40,1307
Hoskote_2014_8_August,4,1650
Huliyar_2014_8_August,979,1413
Hunsur_2014_8_August,11,1400
Jagalur_2014_8_August,16,1300
K.R. Pet_2014_8_August,15,1450
Kadur_2014_8_August,403,1552
Kolar_2014_8_August,5,1550
Kollegal_2014_8_August,2,1400
Kunigal_2014_8_August,17,1700
Madhugiri_2014_8_August,1,1500
Mysore (Bandipalya)_2014_8_August,114,1448
Nagamangala_2014_8_August,598,1629
Piriya Pattana_2014_8_August,144,1476
Shimoga_2014_8_August,67,2050
T. Narasipura_2014_8_August,9,1500
Tarikere_2014_8_August,56,1656
Arasikere_2015_1_January,5659,1456
Bangalore_2015_1_January,5120,2090
Bhadravathi_2015_1_January,90,2000
Channarayapatna_2015_1_January,793,1425
Chikkamagalore_2015_1_January,50,1500
Chintamani_2015_1_January,981,1486
Doddaballa Pur_2015_1_January,290,1462
Gubbi_2015_1_January,1251,1416
Gundlupet_2015_1_January,46,1467
Harappana Halli_2015_1_January,140,1300
Hassan_2015_1_January,181,1488
Haveri_2015_1_January,35,1200
Holenarsipura_2015_1_January,329,1300
Hosadurga_2015_1_January,580,1133
Huliyar_2015_1_January,567,1312
Hunsur_2015_1_January,3163,1337
K.R. Pet_2015_1_January,45,1505
Kadur_2015_1_January,2357,1333
Kollegal_2015_1_January,100,1000
Kottur_2015_1_January,12,1171
Kunigal_2015_1_January,983,1530
Mysore (Bandipalya)_2015_1_January,2447,1522
Nagamangala_2015_1_January,6524,1586
Nanjangud_2015_1_January,228,1310
Piriya Pattana_2015_1_January,62,1500
Ramanagara_2015_1_January,1269,1767
Santhesargur_2015_1_January,80,1400
Shimoga_2015_1_January,1053,1950
Sira_2015_1_January,17,2000
Tarikere_2015_1_January,432,1660
Tumkur_2015_1_January,2739,1537
Arasikere_2015_8_August,265,1296
Bagepalli_2015_8_August,7,1625
Bangalore_2015_8_August,550,2023
Belur_2015_8_August,20,1282
Chamaraj Nagar_2015_8_August,5,1250
Channarayapatna_2015_8_August,41,1352
Chikkamagalore_2015_8_August,10,1200
Chintamani_2015_8_August,145,1481
Davangere_2015_8_August,226,1512
Doddaballa Pur_2015_8_August,24,1400
Gubbi_2015_8_August,48,1508
Gundlupet_2015_8_August,18,1367
Harappana Halli_2015_8_August,274,1319
Hassan_2015_8_August,155,1508
Haveri_2015_8_August,4,1250
Holenarsipura_2015_8_August,6,1262
Hosadurga_2015_8_August,36,1333
Hospet_2015_8_August,1,1800
Huliyar_2015_8_August,104,1316
Kadur_2015_8_August,37,1339
Kolar_2015_8_August,37,1801
Kunigal_2015_8_August,20,1350
Malur_2015_8_August,2,1800
Mysore (Bandipalya)_2015_8_August,158,1397
Nagamangala_2015_8_August,962,1480
Piriya Pattana_2015_8_August,8,1400
Ramanagara_2015_8_August,98,1662
Shimoga_2015_8_August,60,1950
Sira_2015_8_August,5,2000
Tarikere_2015_8_August,17,1492
Tumkur_2015_8_August,57,1500
Arasikere_2016_1_January,839,1466
Bagepalli_2016_1_January,35,1650
Bangalore_2016_1_January,370,2000
Bangarpet_2016_1_January,29,1500
Belur_2016_1_January,106,1483
Channarayapatna_2016_1_January,112,1570
Chikkamagalore_2016_1_January,10,1500
Chintamani_2016_1_January,464,1591
Davangere_2016_1_January,188,1750
Doddaballa Pur_2016_1_January,351,1450
Gowribidanoor_2016_1_January,3,1800
Gubbi_2016_1_January,125,1450
H.B. Halli_2016_1_January,1,1250
Hassan_2016_1_January,193,1525
Haveri_2016_1_January,1,1750
Holenarsipura_2016_1_January,61,1412
Hosadurga_2016_1_January,112,1417
Huliyar_2016_1_January,40,1428
Hunsur_2016_1_January,12,1525
K.R. Pet_2016_1_January,120,1846
K.R.Nagar_2016_1_January,30,1600
Kadur_2016_1_January,35,1483
Kollegal_2016_1_January,366,1635
Kottur_2016_1_January,6,1520
Kunigal_2016_1_January,58,1689
Madhugiri_2016_1_January,31,1500
Malur_2016_1_January,6,1600
Mysore (Bandipalya)_2016_1_January,243,1580
Nagamangala_2016_1_January,637,1454
Piriya Pattana_2016_1_January,5498,1620
Ramanagara_2016_1_January,79,1500
Sira_2016_1_January,6,1971
T. Narasipura_2016_1_January,10,1650
Tarikere_2016_1_January,30,1565
Tumkur_2016_1_January,232,1582
Arakalgud_2016_8_August,28,1500
Arasikere_2016_8_August,560,1520
Bagepalli_2016_8_August,35,1680
Bangalore_2016_8_August,513,2070
Belur_2016_8_August,17,1570
Chamaraj Nagar_2016_8_August,25,1300
Channarayapatna_2016_8_August,40,1536
Chikkamagalore_2016_8_August,138,1316
Chintamani_2016_8_August,564,1650
Doddaballa Pur_2016_8_August,35,1600
Gubbi_2016_8_August,85,1588
Gundlupet_2016_8_August,7,1500
Harappana Halli_2016_8_August,91,1594
Hassan_2016_8_August,306,1477
Haveri_2016_8_August,10,1235
Holenarsipura_2016_8_August,410,1581
Honnali_2016_8_August,12,1250
Hoovinahadagali_2016_8_August,10,1400
Hosadurga_2016_8_August,10,1400
Huliyar_2016_8_August,165,1339
Hunsur_2016_8_August,4,1500
K.R. Pet_2016_8_August,50,1552
K.R.Nagar_2016_8_August,46,1430
Kadur_2016_8_August,88,1612
Kolar_2016_8_August,2,2000
Kollegal_2016_8_August,8,1400
Kunigal_2016_8_August,110,1655
Madhugiri_2016_8_August,2,1900
Mysore (Bandipalya)_2016_8_August,103,1385
Nagamangala_2016_8_August,1225,1540
Nargunda_2016_8_August,1,2300
Piriya Pattana_2016_8_August,323,1582
Ramanagara_2016_8_August,216,1740
Shimoga_2016_8_August,51,1912
Sira_2016_8_August,19,1685
Sirsi_2016_8_August,1,2900
Tarikere_2016_8_August,31,1485
Tumkur_2016_8_August,231,1630
Arasikere_2017_1_January,106,2485
Bagepalli_2017_1_January,2,1800
Bangalore_2017_1_January,406,3495
Channarayapatna_2017_1_January,10,2560
Chikkamagalore_2017_1_January,65,2191
Chintamani_2017_1_January,146,2633
Davangere_2017_1_January,257,2025
Doddaballa Pur_2017_1_January,29,2625
Gubbi_2017_1_January,80,2333
Gundlupet_2017_1_January,6,1750
Harappana Halli_2017_1_January,110,2258
Hassan_2017_1_January,25,2636
Haveri_2017_1_January,16,2100
Hiriyur_2017_1_January,64,2422
Holenarsipura_2017_1_January,2818,2067
Hosadurga_2017_1_January,52,2367
Huliyar_2017_1_January,9,2400
K.R. Pet_2017_1_January,101,2760
Kolar_2017_1_January,2,2100
Kottur_2017_1_January,6,2190
Maddur_2017_1_January,7319,1650
Madhugiri_2017_1_January,47,3500
Mysore (Bandipalya)_2017_1_January,141,2587
Nagamangala_2017_1_January,66,2526
Nanjangud_2017_1_January,5,1500
Piriya Pattana_2017_1_January,56,1861
Ramanagara_2017_1_January,61,2800
Sankeshwar_2017_1_January,17,2150
Shimoga_2017_1_January,27,2733
Sira_2017_1_January,1,3000
Srirangapattana_2017_1_January,3344,1649
Tarikere_2017_1_January,52,2208
Tumkur_2017_1_January,290,2962
Arakalgud_2017_8_August,55,2640
Arasikere_2017_8_August,327,2816
Bagepalli_2017_8_August,11,2117
Bangalore_2017_8_August,493,3361
Chamaraj Nagar_2017_8_August,18,3030
Channarayapatna_2017_8_August,76,2860
Chikkamagalore_2017_8_August,40,2689
Chintamani_2017_8_August,106,2875
Davangere_2017_8_August,50,2150
Doddaballa Pur_2017_8_August,38,2758
Gubbi_2017_8_August,24,2567
Gundlupet_2017_8_August,4,2500
H.B. Halli_2017_8_August,17,2800
Harappana Halli_2017_8_August,16,3065
Hassan_2017_8_August,157,2739
Hiriyur_2017_8_August,21,2930
Holenarsipura_2017_8_August,11,2886
Honnali_2017_8_August,12,1280
Hosadurga_2017_8_August,33,2600
Hoskote_2017_8_August,24,1418
K.R. Pet_2017_8_August,235,3226
Kadur_2017_8_August,185,2741
Kanakapura_2017_8_August,10,3000
Kolar_2017_8_August,1,2600
Kunigal_2017_8_August,4,3510
Mulabagilu_2017_8_August,8,2500
Mysore (Bandipalya)_2017_8_August,79,2889
Nagamangala_2017_8_August,844,2925
Pavagada_2017_8_August,3,3200
Piriya Pattana_2017_8_August,159,2433
Ramanagara_2017_8_August,144,2720
Shimoga_2017_8_August,2,3700
Sira_2017_8_August,5,2927
Tarikere_2017_8_August,46,2756
Tumkur_2017_8_August,41,3183
Arakalgud_2018_1_January,148,1882
Arasikere_2018_1_January,525,1864
Bagepalli_2018_1_January,27,2042
Bangalore_2018_1_January,486,2933
Bangarpet_2018_1_January,185,2275
Bellary_2018_1_January,3,1479
Belur_2018_1_January,20,1700
Channarayapatna_2018_1_January,182,1825
Chickkaballapura_2018_1_January,2867,1650
Chikkamagalore_2018_1_January,91,1921
Chintamani_2018_1_January,191,2175
Davangere_2018_1_January,445,1906
Doddaballa Pur_2018_1_January,56,1980
Gubbi_2018_1_January,25,1967
Gundlupet_2018_1_January,12,2336
H.B. Halli_2018_1_January,129,1750
Harappana Halli_2018_1_January,559,1896
Hassan_2018_1_January,358,2000
Haveri_2018_1_January,9,1765
Holalkere_2018_1_January,9,1809
Holenarsipura_2018_1_January,362,2162
Hosadurga_2018_1_January,108,1950
Hoskote_2018_1_January,75,2220
Huliyar_2018_1_January,9,1833
Hunsur_2018_1_January,16,1900
K.R. Pet_2018_1_January,298,2142
K.R.Nagar_2018_1_January,1,2000
Kadur_2018_1_January,474,2081
Kolar_2018_1_January,4,2457
Kottur_2018_1_January,85,1733
Kunigal_2018_1_January,30,2458
Madhugiri_2018_1_January,4,2550
Mysore (Bandipalya)_2018_1_January,159,1950
Nagamangala_2018_1_January,1068,2079
Pavagada_2018_1_January,1,2050
Piriya Pattana_2018_1_January,536,1782
Ramanagara_2018_1_January,56,2250
Ranebennur_2018_1_January,1,2700
Santhesargur_2018_1_January,7,2285
Shimoga_2018_1_January,88,2530
Sira_2018_1_January,3,2166
Tarikere_2018_1_January,54,2235
Tumkur_2018_1_January,117,2406
Arasikere_2018_8_August,667,2058
Bagepalli_2018_8_August,5,2000
Bangalore_2018_8_August,524,2880
Bangarpet_2018_8_August,26,2100
Bellary_2018_8_August,2,2400
Belur_2018_8_August,46,2100
Channarayapatna_2018_8_August,27,2165
Chikkamagalore_2018_8_August,31,1882
Chintamani_2018_8_August,61,2000
Davangere_2018_8_August,118,1874
Doddaballa Pur_2018_8_August,70,1920
Gowribidanoor_2018_8_August,2,2700
Gubbi_2018_8_August,52,1999
Harappana Halli_2018_8_August,1939,1952
Hassan_2018_8_August,289,2070
Haveri_2018_8_August,22,1320
Holenarsipura_2018_8_August,260,2383
Hoovinahadagali_2018_8_August,1,1500
Hosadurga_2018_8_August,325,2050
Hoskote_2018_8_August,62,1425
K.R. Pet_2018_8_August,180,1850
K.R.Nagar_2018_8_August,2,1800
Kadur_2018_8_August,648,1819
Kollegal_2018_8_August,6,2500
Kottur_2018_8_August,2,1972
Kunigal_2018_8_August,69,2456
Mandya_2018_8_August,6,2125
Mysore (Bandipalya)_2018_8_August,151,2012
Nagamangala_2018_8_August,1123,2133
Piriya Pattana_2018_8_August,271,1868
Ramanagara_2018_8_August,121,2433
Shimoga_2018_8_August,30,2570
Sira_2018_8_August,1,2400
Tarikere_2018_8_August,20,2227
Tumkur_2018_8_August,23,2250
Arakalgud_2019_1_January,229,2270
Arasikere_2019_1_January,276,2267
Bangalore_2019_1_January,767,2900
Bangarpet_2019_1_January,21,2300
Bellary_2019_1_January,1,2107
Belur_2019_1_January,6,2766
Channarayapatna_2019_1_January,271,2184
Chikkamagalore_2019_1_January,28,1950
Chintamani_2019_1_January,152,2357
Davangere_2019_1_January,81,2458
Doddaballa Pur_2019_1_January,66,2625
Gubbi_2019_1_January,23,2217
H.B. Halli_2019_1_January,10,2233
Harappana Halli_2019_1_January,82,2146
Hassan_2019_1_January,457,2336
Holenarsipura_2019_1_January,156,2250
Hosadurga_2019_1_January,341,2360
Huliyar_2019_1_January,6,2000
K.R. Pet_2019_1_January,489,2062
K.R.Nagar_2019_1_January,12,2250
Kadur_2019_1_January,321,2338
Kottur_2019_1_January,8,2369
Kunigal_2019_1_January,102,2611
Malur_2019_1_January,5,2000
Mandya_2019_1_January,27,2700
Mulabagilu_2019_1_January,6,3450
Mysore (Bandipalya)_2019_1_January,76,2281
Nagamangala_2019_1_January,7153,2310
Piriya Pattana_2019_1_January,1042,2141
Ramanagara_2019_1_January,77,4425
Shimoga_2019_1_January,95,2870
Sira_2019_1_January,2,2536
Tarikere_2019_1_January,25,2820
Tumkur_2019_1_January,112,2331
Arakalgud_2019_8_August,75,2538
Arasikere_2019_8_August,700,2320
Bangalore_2019_8_August,618,3150
Bhadravathi_2019_8_August,1,1833
Channarayapatna_2019_8_August,90,2292
Chikkamagalore_2019_8_August,19,1933
Chintamani_2019_8_August,81,2417
Davangere_2019_8_August,86,2468
Doddaballa Pur_2019_8_August,60,2725
Gowribidanoor_2019_8_August,1,2500
Gubbi_2019_8_August,46,2488
Harappana Halli_2019_8_August,70,2487
Hassan_2019_8_August,153,2506
Haveri_2019_8_August,12,1750
Holalkere_2019_8_August,68,2897
Holenarsipura_2019_8_August,113,2480
Honnali_2019_8_August,15,2650
Hosadurga_2019_8_August,423,2365
Hoskote_2019_8_August,125,2897
Huliyar_2019_8_August,112,2312
K.R. Pet_2019_8_August,212,2150
Kadur_2019_8_August,248,2286
Kottur_2019_8_August,21,2506
Kunigal_2019_8_August,45,2908
Malur_2019_8_August,25,2898
Mandya_2019_8_August,25,2460
Mysore (Bandipalya)_2019_8_August,105,2529
Nagamangala_2019_8_August,1743,2329
Pavagada_2019_8_August,1,2700
Piriya Pattana_2019_8_August,73,2420
Ramanagara_2019_8_August,89,2825
Ranebennur_2019_8_August,1,2550
Shimoga_2019_8_August,109,2981
Sira_2019_8_August,4,2800
Srinivasapur_2019_8_August,1,2833
Tarikere_2019_8_August,22,2585
Tumkur_2019_8_August,57,2217
Arakalgud_2020_1_January,183,2181
Arasikere_2020_1_January,303,2146
Bangalore_2020_1_January,499,2950
Bangarpet_2020_1_January,30,3050
Bellary_2020_1_January,34,1686
Chamaraj Nagar_2020_1_January,10,2000
Channagiri_2020_1_January,14,1850
Channarayapatna_2020_1_January,569,2274
Chikkamagalore_2020_1_January,8,1800
Chintamani_2020_1_January,313,2314
Davangere_2020_1_January,399,2112
Doddaballa Pur_2020_1_January,65,2300
Gubbi_2020_1_January,22,2100
Gundlupet_2020_1_January,3,1600
Harappana Halli_2020_1_January,164,2092
Hassan_2020_1_January,277,2244
Haveri_2020_1_January,1,2000
Holenarsipura_2020_1_January,87,2094
Hosadurga_2020_1_January,728,2238
Hubli (Amaragol)_2020_1_January,40,3879
Hunsur_2020_1_January,23,3150
K.R. Pet_2020_1_January,116,2500
Kadur_2020_1_January,540,2362
Kolar_2020_1_January,5,3269
Kottur_2020_1_January,128,1895
Kunigal_2020_1_January,54,2300
Mandya_2020_1_January,151,3066
Mysore (Bandipalya)_2020_1_January,256,2277
Nagamangala_2020_1_January,1872,2294
Piriya Pattana_2020_1_January,391,2136
Ramanagara_2020_1_January,110,2575
Shimoga_2020_1_January,137,2886
Sira_2020_1_January,8,2800
Tarikere_2020_1_January,2,3200
Tumkur_2020_1_January,56,2250
Arakalgud_2020_8_August,55,2260
Arasikere_2020_8_August,667,1886
Bangalore_2020_8_August,439,3132
Bangarpet_2020_8_August,428,3000
Bellary_2020_8_August,20,1562
Belur_2020_8_August,14,2000
Channagiri_2020_8_August,24,1550
Channarayapatna_2020_8_August,44,2032
Chikkamagalore_2020_8_August,55,2000
Chintamani_2020_8_August,374,1994
Davangere_2020_8_August,184,2046
Gubbi_2020_8_August,36,2033
Gundlupet_2020_8_August,1,2500
H.B. Halli_2020_8_August,27,1725
Harappana Halli_2020_8_August,109,2395
Hassan_2020_8_August,391,2064
Haveri_2020_8_August,27,1862
Hirekerur_2020_8_August,3,2850
Holenarsipura_2020_8_August,138,1809
Honnali_2020_8_August,78,2050
K.R. Pet_2020_8_August,118,1925
Kadur_2020_8_August,167,1922
Kottur_2020_8_August,30,1963
Kunigal_2020_8_August,303,2002
Malur_2020_8_August,1,2000
Mysore (Bandipalya)_2020_8_August,172,2109
Nagamangala_2020_8_August,292,2400
Ramanagara_2020_8_August,10,3200
Shimoga_2020_8_August,24,3032
Tumkur_2020_8_August,142,2150
